的,0,0
者,1,0
外,2,0
果,3,0
报,4,0
八,5,0
术,6,0
单,7,0
消,8,0
依,9,0
孩,10,0
印,11,0
创,12,0
佛,13,0
减,14,0
隐,15,0
徐,16,0
炮,17,0
婆,18,0
患,19,0
蒋,20,0
闭,21,0
甘,22,0
懂,23,0
祥,24,0
慰,25,0
仗,26,0
舟,27,0
券,28,0
慕,29,0
襄,30,0
梯,31,0
庸,32,0
饿,33,0
挣,34,0
狭,35,0
爽,36,0
膜,37,0
澄,38,0
驴,39,0
嘻,40,0
羌,41,0
梢,42,0
诘,43,0
蜡,44,0
咖,45,0
睦,46,0
攸,47,0
嗜,48,0
鞠,49,0
粥,50,0
蟹,51,0
砦,52,0
拷,53,0
饵,54,0
嬉,55,0
钡,56,0
椿,57,0
酶,58,0
吠,59,0
谯,60,0
卉,61,0
柿,62,0
涟,63,0
一,0,1
多,1,1
第,2,1
位,3,1
直,4,1
府,5,1
近,6,1
联,7,1
图,8,1
按,9,1
革,10,1
速,11,1
胡,12,1
杨,13,1
伊,14,1
私,15,1
秘,16,1
盘,17,1
庙,18,1
奴,19,1
析,20,1
侧,21,1
肃,22,1
凭,23,1
隶,24,1
肩,25,1
莲,26,1
诊,27,1
哩,28,1
凌,29,1
钢,30,1
锐,31,1
吨,32,1
欠,33,1
颠,34,1
诈,35,1
莉,36,1
惺,37,1
匡,38,1
咒,39,1
钓,40,1
嵩,41,1
绛,42,1
挟,43,1
殆,44,1
伽,45,1
晖,46,1
竿,47,1
屿,48,1
麾,49,1
嗅,50,1
琏,51,1
懊,52,1
膛,53,1
谗,54,1
嗔,55,1
恺,56,1
煽,57,1
峦,58,1
镂,59,1
茹,60,1
洼,61,1
呱,62,1
桔,63,1
不,0,2
日,1,2
王,2,2
信,3,2
白,4,2
眼,5,2
格,6,2
调,7,2
星,8,2
久,9,2
维,10,2
齐,11,2
习,12,2
梦,13,2
妻,14,2
谷,15,2
逃,16,2
旅,17,2
厂,18,2
晓,19,2
浪,20,2
拔,21,2
培,22,2
辈,23,2
穆,24,2
醉,25,2
覆,26,2
豫,27,2
鸿,28,2
戌,29,2
搭,30,2
赦,31,2
鼎,32,2
聊,33,2
寓,34,2
陀,35,2
氧,36,2
祈,37,2
塑,38,2
赚,39,2
摊,40,2
叮,41,2
纬,42,2
窑,43,2
宵,44,2
裘,45,2
札,46,2
虾,47,2
椋,48,2
曜,49,2
啵,50,2
垮,51,2
峨,52,2
缮,53,2
眯,54,2
弁,55,2
谀,56,2
蜕,57,2
掾,58,2
菁,59,2
妪,60,2
醮,61,2
秤,62,2
濉,63,2
是,0,3
都,1,3
高,2,3
度,3,3
总,4,3
领,5,3
济,6,3
吃,7,3
落,8,3
宝,9,3
巴,10,3
低,11,3
负,12,3
救,13,3
鲁,14,3
附,15,3
核,16,3
店,17,3
库,18,3
恨,19,3
盟,20,3
贡,21,3
冠,22,3
虫,23,3
粗,24,3
剩,25,3
锁,26,3
骗,27,3
敦,28,3
抑,29,3
浙,30,3
茫,31,3
喷,32,3
禀,33,3
挖,34,3
姜,35,3
谊,36,3
舜,37,3
吁,38,3
敝,39,3
蝗,40,3
铮,41,3
垣,42,3
盏,43,3
匙,44,3
啤,45,3
篷,46,3
铅,47,3
帜,48,3
晤,49,3
簦,50,3
诙,51,3
浣,52,3
嘀,53,3
桧,54,3
犁,55,3
惚,56,3
蹙,57,3
濒,58,3
昶,59,3
吒,60,3
憋,61,3
腋,62,3
鄱,63,3
了,0,4
三,1,4
问,2,4
产,3,4
非,4,4
清,5,4
干,6,4
古,7,4
礼,8,4
攻,9,4
供,10,4
室,11,4
策,12,4
阵,13,4
野,14,4
骑,15,4
雄,16,4
销,17,4
袭,18,4
悲,19,4
薄,20,4
凶,21,4
彻,22,4
岳,23,4
裂,24,4
逆,25,4
羽,26,4
聪,27,4
溪,28,4
桓,29,4
徽,30,4
讼,31,4
姚,32,4
舱,33,4
串,34,4
後,35,4
柄,36,4
蜜,37,4
脂,38,4
厘,39,4
侨,40,4
妓,41,4
藩,42,4
诰,43,4
孽,44,4
晒,45,4
腕,46,4
贮,47,4
绒,48,4
萝,49,4
斛,50,4
嘟,51,4
蠲,52,4
濮,53,4
嘎,54,4
噬,55,4
髯,56,4
廪,57,4
娼,58,4
辫,59,4
瘛,60,4
蛊,61,4
杳,62,4
邃,63,4
人,0,5
小,1,5
太,2,5
立,3,5
建,4,5
决,5,5
运,6,5
算,7,5
营,8,5
企,9,5
斗,10,5
退,11,5
败,12,5
哈,13,5
释,14,5
郑,15,5
版,16,5
疾,17,5
叔,18,5
猛,19,5
殊,20,5
捕,21,5
井,22,5
障,23,5
荷,24,5
盐,25,5
咸,26,5
酸,27,5
蛮,28,5
械,29,5
兆,30,5
拳,31,5
勉,32,5
肤,33,5
蜂,34,5
驳,35,5
栏,36,5
募,37,5
伺,38,5
睿,39,5
梗,40,5
颍,41,5
坎,42,5
匀,43,5
荫,44,5
闺,45,5
鳞,46,5
栅,47,5
汹,48,5
佟,49,5
溯,50,5
觯,51,5
潼,52,5
佞,53,5
鳍,54,5
蟆,55,5
盎,56,5
潦,57,5
觥,58,5
穗,59,5
涞,60,5
祟,61,5
愍,62,5
嘤,63,5
在,0,6
军,1,6
头,2,6
声,3,6
夫,4,6
笑,5,6
怎,6,6
坐,7,6
增,8,6
案,9,6
降,10,6
脸,11,6
宋,12,6
暗,13,6
亮,14,6
殿,15,6
勒,16,6
俄,17,6
尝,18,6
圆,19,6
阻,20,6
唱,21,6
俊,22,6
倍,23,6
凉,24,6
邓,25,6
铺,26,6
屯,27,6
裕,28,6
雾,29,6
锡,30,6
耀,31,6
毅,32,6
痕,33,6
顽,34,6
轩,35,6
盒,36,6
慨,37,6
匈,38,6
禹,39,6
掏,40,6
愣,41,6
稣,42,6
谍,43,6
狡,44,6
拣,45,6
诫,46,6
邹,47,6
麽,48,6
缉,49,6
垃,50,6
趾,51,6
凸,52,6
氨,53,6
笏,54,6
哮,55,6
珀,56,6
惰,57,6
捎,58,6
镕,59,6
阱,60,6
谡,61,6
雏,62,6
讪,63,6
有,0,7
二,1,7
情,2,7
南,3,7
北,4,7
告,5,7
步,6,7
早,7,7
土,8,7
察,9,7
卷,10,7
限,11,7
御,12,7
买,13,7
顿,14,7
叶,15,7
泽,16,7
末,17,7
凤,18,7
缓,19,7
竞,20,7
措,21,7
骂,22,7
仇,23,7
症,24,7
递,25,7
陪,26,7
综,27,7
朵,28,7
臂,29,7
戈,30,7
衙,31,7
赔,32,7
缝,33,7
渠,34,7
蕃,35,7
孕,36,7
冻,37,7
雁,38,7
辏,39,7
妮,40,7
辜,41,7
笛,42,7
淘,43,7
冶,44,7
嗟,45,7
菱,46,7
匣,47,7
乍,48,7
甩,49,7
彝,50,7
幔,51,7
棕,52,7
闸,53,7
鄴,54,7
偈,55,7
秸,56,7
烹,57,7
绾,58,7
醴,59,7
殁,60,7
砚,61,7
妗,62,7
隧,63,7
我,0,8
无,1,8
西,2,8
代,3,8
未,4,8
叫,5,8
台,6,8
引,7,8
际,8,8
黑,9,8
姐,10,8
热,11,8
讨,12,8
督,13,8
录,14,8
虎,15,8
掉,16,8
贤,17,8
侵,18,8
冬,19,8
旗,20,8
丞,21,8
触,22,8
萧,23,8
汗,24,8
粉,25,8
爬,26,8
堡,27,8
匆,28,8
拢,29,8
豆,30,8
禅,31,8
靖,32,8
韵,33,8
啥,34,8
遮,35,8
躬,36,8
喉,37,8
滞,38,8
钉,39,8
娥,40,8
砸,41,8
晁,42,8
蚁,43,8
迦,44,8
懈,45,8
痒,46,8
锤,47,8
祁,48,8
颓,49,8
尴,50,8
捡,51,8
攘,52,8
郢,53,8
殴,54,8
嘘,55,8
晔,56,8
偎,57,8
跄,58,8
舵,59,8
缢,60,8
彤,61,8
漓,62,8
纫,63,8
他,0,9
同,1,9
机,2,9
走,3,9
张,4,9
队,5,9
让,6,9
须,7,9
致,8,9
突,9,9
封,10,9
田,11,9
富,12,9
楚,13,9
丁,14,9
载,15,9
魏,16,9
孝,17,9
赏,18,9
丧,19,9
闪,20,9
抽,21,9
订,22,9
辩,23,9
贞,24,9
牵,25,9
戊,26,9
亏,27,9
秩,28,9
卜,29,9
俩,30,9
钻,31,9
雇,32,9
冀,33,9
牺,34,9
蓄,35,9
苑,36,9
泡,37,9
漆,38,9
咨,39,9
剿,40,9
揖,41,9
贿,42,9
汴,43,9
谜,44,9
忿,45,9
鳌,46,9
撇,47,9
禾,48,9
沂,49,9
迥,50,9
赍,51,9
徇,52,9
扈,53,9
篡,54,9
臻,55,9
蛔,56,9
疚,57,9
鹘,58,9
昙,59,9
曙,60,9
蟒,61,9
獭,62,9
雳,63,9
这,0,10
么,1,10
它,2,10
女,3,10
令,4,10
强,5,10
江,6,10
离,7,10
志,8,10
倒,9,10
构,10,10
值,11,10
尼,12,10
配,13,10
移,14,10
航,15,10
刀,16,10
哭,17,10
抚,18,10
帅,19,10
柳,20,10
课,21,10
赖,22,10
曼,23,10
彭,24,10
辽,25,10
勿,26,10
牢,27,10
庶,28,10
葛,29,10
纲,30,10
峡,31,10
屡,32,10
怖,33,10
翔,34,10
樱,35,10
摘,36,10
鄙,37,10
乖,38,10
焰,39,10
秉,40,10
恃,41,10
焕,42,10
魅,43,10
腥,44,10
旭,45,10
胳,46,10
荨,47,10
廓,48,10
纂,49,10
圾,50,10
啪,51,10
礁,52,10
壕,53,10
呻,54,10
褥,55,10
屎,56,10
撩,57,10
忏,58,10
饺,59,10
傩,60,10
琨,61,10
喙,62,10
愆,63,10
为,0,11
经,1,11
回,2,11
言,3,11
反,4,11
往,5,11
河,6,11
证,7,11
夜,8,11
局,9,11
站,10,11
怀,11,11
范,12,11
痛,13,11
危,14,11
控,15,11
缺,16,11
床,17,11
忍,18,11
软,19,11
姆,20,11
闹,21,11
怨,22,11
妖,23,11
敏,24,11
遵,25,11
飘,26,11
鉴,27,11
猎,28,11
浓,29,11
耕,30,11
郁,31,11
跨,32,11
鹏,33,11
屠,34,11
玲,35,11
哼,36,11
叉,37,11
旺,38,11
筋,39,11
堵,40,11
晌,41,11
喇,42,11
踢,43,11
鄂,44,11
讥,45,11
缅,46,11
蔬,47,11
僭,48,11
沁,49,11
瞅,50,11
懦,51,11
炯,52,11
骠,53,11
谪,54,11
邕,55,11
佃,56,11
砌,57,11
鸠,58,11
恬,59,11
酵,60,11
熘,61,11
淆,62,11
蕖,63,11
之,0,12
法,1,12
并,2,12
马,3,12
士,4,12
区,5,12
识,6,12
约,7,12
需,8,12
投,9,12
验,10,12
郎,11,12
球,12,12
授,13,12
税,14,12
刑,15,12
均,16,12
吏,17,12
醒,18,12
握,19,12
扩,20,12
尾,21,12
搞,22,12
赋,23,12
寄,24,12
陶,25,12
仓,26,12
凯,27,12
猜,28,12
祀,29,12
浩,30,12
阙,31,12
泣,32,12
痴,33,12
巫,34,12
衫,35,12
诵,36,12
亩,37,12
傍,38,12
遁,39,12
菊,40,12
剖,41,12
暑,42,12
藻,43,12
陋,44,12
赈,45,12
铎,46,12
偕,47,12
皂,48,12
郝,49,12
轼,50,12
咦,51,12
僖,52,12
脯,53,12
潇,54,12
褪,55,12
吭,56,12
睬,57,12
翌,58,12
黔,59,12
郓,60,12
翎,61,12
瓮,62,12
悚,63,12
来,0,13
当,1,13
间,2,13
金,3,13
师,4,13
交,5,13
规,6,13
母,7,13
皆,8,13
衣,9,13
苦,10,13
纳,11,13
秋,12,13
肯,13,13
座,14,13
荣,15,13
摇,16,13
健,17,13
默,18,13
纵,19,13
允,20,13
络,21,13
仰,22,13
卢,23,13
租,24,13
翰,25,13
诛,26,13
昔,27,13
沟,28,13
愁,29,13
宏,30,13
冤,31,13
催,32,13
填,33,13
窝,34,13
匪,35,13
滩,36,13
钗,37,13
鸭,38,13
玑,39,13
瑶,40,13
莺,41,13
掀,42,13
娱,43,13
噢,44,13
浆,45,13
黜,46,13
缸,47,13
叟,48,13
胥,49,13
怼,50,13
挛,51,13
龚,52,13
酝,53,13
瑚,54,13
靶,55,13
杞,56,13
咙,57,13
涿,58,13
奂,59,13
顼,60,13
甭,61,13
墒,62,13
夤,63,13
大,0,14
起,1,14
手,2,14
处,3,14
许,4,14
武,5,14
拉,6,14
组,7,14
左,8,14
愿,9,14
差,10,14
氏,11,14
冲,12,14
雨,13,14
优,14,14
央,15,14
喝,16,14
朱,17,14
拥,18,14
巡,19,14
驾,20,14
杯,21,14
恭,22,14
抬,23,14
爆,24,14
寇,25,14
漫,26,14
颗,27,14
邑,28,14
贷,29,14
扣,30,14
妄,31,14
卓,32,14
鲍,33,14
兀,34,14
挨,35,14
钞,36,14
擢,37,14
弼,38,14
芒,39,14
拓,40,14
褐,41,14
膊,42,14
栗,43,14
滔,44,14
跋,45,14
枣,46,14
浇,47,14
哺,48,14
镖,49,14
鸽,50,14
炳,51,14
帧,52,14
瓣,53,14
葫,54,14
砰,55,14
钰,56,14
躇,57,14
钤,58,14
耙,59,14
赉,60,14
檬,61,14
筐,62,14
瞩,63,14
以,0,15
与,1,15
四,2,15
便,3,15
条,4,15
达,5,15
切,6,15
房,7,15
究,8,15
省,9,15
刻,10,15
景,11,15
恩,12,15
占,13,15
烈,14,15
概,15,15
敬,16,15
戏,17,15
迫,18,15
筑,19,15
混,20,15
衡,21,15
隔,22,15
仿,23,15
哀,24,15
悦,25,15
夷,26,15
殖,27,15
涂,28,15
脉,29,15
妨,30,15
徙,31,15
擦,32,15
绘,33,15
辄,34,15
巢,35,15
猿,36,15
脆,37,15
倦,38,15
芦,39,15
窄,40,15
蒸,41,15
栋,42,15
怡,43,15
稼,44,15
愕,45,15
剌,46,15
鲸,47,15
夭,48,15
牒,49,15
隘,50,15
酣,51,15
粲,52,15
拽,53,15
琶,54,15
僮,55,15
夙,56,15
磅,57,15
捻,58,15
钵,59,15
梵,60,15
霹,61,15
缭,62,15
锵,63,15
个,0,16
好,1,16
关,2,16
通,3,16
变,4,16
社,5,16
极,6,16
曾,7,16
汉,8,16
欲,9,16
益,10,16
执,11,16
哥,12,16
楼,13,16
卡,14,16
庄,15,16
卖,16,16
票,17,16
绿,18,16
饮,19,16
僧,20,16
翼,21,16
爵,22,16
债,23,16
润,24,16
唤,25,16
悟,26,16
慎,27,16
弘,28,16
捷,29,16
涌,30,16
虏,31,16
畜,32,16
糖,33,16
刷,34,16
拆,35,16
猩,36,16
洒,37,16
铸,38,16
淳,39,16
斌,40,16
劈,41,16
厄,42,16
灿,43,16
幢,44,16
旌,45,16
蔑,46,16
佥,47,16
烤,48,16
绫,49,16
亢,50,16
狈,51,16
酱,52,16
铀,53,16
蕙,54,16
迨,55,16
怂,56,16
桀,57,16
窒,58,16
嘈,59,16
蠹,60,16
菇,61,16
骼,62,16
庠,63,16
中,0,17
看,1,17
重,2,17
命,3,17
系,4,17
权,5,17
持,6,17
似,7,17
念,8,17
率,9,17
派,10,17
型,11,17
寻,12,17
呼,13,17
丽,14,17
岛,15,17
损,16,17
晋,17,17
页,18,17
崇,19,17
植,20,17
汝,21,17
朗,22,17
赴,23,17
舒,24,17
遥,25,17
撰,26,17
夕,27,17
崔,28,17
嫌,29,17
吟,30,17
耗,31,17
稽,32,17
扭,33,17
址,34,17
纤,35,17
傻,36,17
喻,37,17
膝,38,17
浸,39,17
脾,40,17
哨,41,17
谴,42,17
稻,43,17
罐,44,17
丐,45,17
悼,46,17
拧,47,17
蛛,48,17
苛,49,17
氐,50,17
恣,51,17
忖,52,17
壑,53,17
鲤,54,17
咄,55,17
噶,56,17
瘟,57,17
烘,58,17
踊,59,17
缙,60,17
庖,61,17
涸,62,17
睾,63,17
上,0,18
学,1,18
应,2,18
特,3,18
计,4,18
科,5,18
若,6,18
易,7,18
既,8,18
严,9,18
紧,10,18
欢,11,18
恶,12,18
顺,13,18
遗,14,18
脱,15,18
卒,16,18
韩,17,18
奥,18,18
贾,19,18
哲,20,18
稍,21,18
详,22,18
泉,23,18
腿,24,18
艘,25,18
愤,26,18
癸,27,18
逊,28,18
阔,29,18
筹,30,18
轨,31,18
纹,32,18
劣,33,18
歼,34,18
砍,35,18
卵,36,18
瞪,37,18
颁,38,18
恍,39,18
爪,40,18
兑,41,18
肢,42,18
讫,43,18
绞,44,18
颐,45,18
洽,46,18
搂,47,18
蕉,48,18
汾,49,18
渺,50,18
铩,51,18
臾,52,18
狩,53,18
嫔,54,18
娅,55,18
岔,56,18
虢,57,18
韧,58,18
蛉,59,18
铡,60,18
炬,61,18
陂,62,18
咭,63,18
们,0,19
进,1,19
工,2,19
给,3,19
且,4,19
九,5,19
英,6,19
随,7,19
送,8,19
待,9,19
料,10,19
毛,11,19
停,12,19
阴,13,19
画,14,19
介,15,19
括,16,19
岂,17,19
勇,18,19
洪,19,19
穷,20,19
愈,21,19
译,22,19
汽,23,19
册,24,19
扎,25,19
辉,26,19
柱,27,19
劫,28,19
鞋,29,19
鼠,30,19
吞,31,19
漏,32,19
赢,33,19
挡,34,19
胎,35,19
拱,36,19
窦,37,19
歧,38,19
讽,39,19
戮,40,19
缄,41,19
彰,42,19
朽,43,19
沛,44,19
孰,45,19
泻,46,19
嘶,47,19
挹,48,19
埂,49,19
髓,50,19
箫,51,19
栈,52,19
忒,53,19
谌,54,19
觑,55,19
赁,56,19
胚,57,19
鸥,58,19
忱,59,19
跸,60,19
皎,61,19
妞,62,19
畹,63,19
到,0,20
种,1,20
性,2,20
数,3,20
认,4,20
设,5,20
争,6,20
精,7,20
显,8,20
归,9,20
异,10,20
免,11,20
良,12,20
吾,13,20
屋,14,20
盖,15,20
域,16,20
迹,17,20
街,18,20
耶,19,20
乙,20,20
蓝,21,20
净,22,20
幕,23,20
轰,24,20
乾,25,20
滑,26,20
甫,27,20
跌,28,20
拨,29,20
娜,30,20
淫,31,20
妥,32,20
缴,33,20
肆,34,20
厮,35,20
塘,36,20
甜,37,20
尧,38,20
脖,39,20
钧,40,20
呜,41,20
胤,42,20
坤,43,20
熬,44,20
嫉,45,20
凳,46,20
徊,47,20
榴,48,20
豁,49,20
蔓,50,20
嗡,51,20
桨,52,20
猾,53,20
驹,54,20
擞,55,20
濠,56,20
绊,57,20
漱,58,20
墩,59,20
觞,60,20
亵,61,20
裰,62,20
跛,63,20
说,0,21
将,1,21
全,2,21
次,3,21
目,4,21
李,5,21
功,6,21
视,7,21
置,8,21
医,9,21
例,10,21
略,11,21
股,12,21
奏,13,21
您,14,21
序,15,21
迁,16,21
伏,17,21
昌,18,21
操,19,21
埃,20,21
颜,21,21
枝,22,21
播,23,21
掩,24,21
叛,25,21
幅,26,21
袖,27,21
荐,28,21
艰,29,21
躺,30,21
虞,31,21
姊,32,21
巾,33,21
谒,34,21
柜,35,21
毋,36,21
帛,37,21
谎,38,21
盲,39,21
馈,40,21
壤,41,21
搏,42,21
棚,43,21
膏,44,21
螅,45,21
皓,46,21
洌,47,21
驯,48,21
谤,49,21
阑,50,21
凛,51,21
唾,52,21
嗤,53,21
晟,54,21
驭,55,21
讹,56,21
诩,57,21
炙,58,21
撬,59,21
邯,60,21
悸,61,21
淙,62,21
髂,63,21
国,0,22
还,1,22
门,2,22
海,3,22
光,4,22
观,5,22
深,6,22
尚,7,22
亚,8,22
玉,9,22
祖,10,22
批,11,22
险,12,22
固,13,22
鱼,14,22
秦,15,22
测,16,22
忘,17,22
缘,18,22
烧,19,22
旦,20,22
邪,21,22
繁,22,22
恢,23,22
祝,24,22
碰,25,22
廉,26,22
宴,27,22
寨,28,22
驶,29,22
鹿,30,22
杖,31,22
囊,32,22
酷,33,22
函,34,22
哦,35,22
冢,36,22
雀,37,22
攀,38,22
稷,39,22
暇,40,22
撕,41,22
晦,42,22
槐,43,22
哇,44,22
婉,45,22
雯,46,22
岚,47,22
峭,48,22
祗,49,22
氢,50,22
簧,51,22
芜,52,22
洹,53,22
赣,54,22
痰,55,22
袱,56,22
芭,57,22
匮,58,22
杲,59,22
纭,60,22
罄,61,22
峤,62,22
箍,63,22
和,0,23
分,1,23
老,2,23
今,3,23
管,4,23
记,5,23
备,6,23
断,7,23
推,8,23
船,9,23
宫,10,23
犯,11,23
波,12,23
皮,13,23
慢,14,23
庭,15,23
虚,16,23
剧,17,23
累,18,23
妙,19,23
伟,20,23
瑞,21,23
侠,22,23
竹,23,23
祸,24,23
污,25,23
宅,26,23
衰,27,23
践,28,23
漂,29,23
勋,30,23
携,31,23
饶,32,23
谅,33,23
簿,34,23
壳,35,23
绢,36,23
棺,37,23
棵,38,23
詹,39,23
杏,40,23
咳,41,23
哎,42,23
蕴,43,23
肾,44,23
畴,45,23
叱,46,23
逛,47,23
闵,48,23
埽,49,23
穑,50,23
竺,51,23
翩,52,23
漳,53,23
苇,54,23
暨,55,23
呃,56,23
锯,57,23
涫,58,23
菹,59,23
懋,60,23
凋,61,23
瘾,62,23
滦,63,23
地,0,24
此,1,24
点,2,24
表,3,24
路,4,24
改,5,24
造,6,24
乃,7,24
居,8,24
奇,9,24
乱,10,24
否,11,24
刺,12,24
警,13,24
露,14,24
词,15,24
逐,16,24
奔,17,24
玄,18,24
赛,19,24
桥,20,24
丑,21,24
浮,22,24
奸,23,24
摸,24,24
伍,25,24
丘,26,24
琴,27,24
凝,28,24
齿,29,24
扇,30,24
脏,31,24
芬,32,24
扮,33,24
悠,34,24
擅,35,24
薪,36,24
矢,37,24
粟,38,24
蠢,39,24
淑,40,24
羡,41,24
笨,42,24
哟,43,24
姥,44,24
删,45,24
膳,46,24
燥,47,24
畿,48,24
琛,49,24
贻,50,24
榆,51,24
喔,52,24
疤,53,24
斡,54,24
痹,55,24
恸,56,24
栓,57,24
楞,58,24
炫,59,24
廿,60,24
蛭,61,24
舫,62,24
萼,63,24
也,0,25
心,1,25
身,2,25
原,3,25
接,4,25
展,5,25
阳,6,25
影,7,25
列,8,25
护,9,25
素,10,25
灵,11,25
述,12,25
甲,13,25
啊,14,25
睡,15,25
毫,16,25
顶,17,25
轮,18,25
摆,19,25
珍,20,25
宿,21,25
奋,22,25
零,23,25
忆,24,25
叙,25,25
寅,26,25
铜,27,25
浅,28,25
椅,29,25
斤,30,25
汪,31,25
穴,32,25
贱,33,25
昼,34,25
铭,35,25
碑,36,25
莽,37,25
劾,38,25
淋,39,25
啸,40,25
晏,41,25
钥,42,25
饷,43,25
卦,44,25
寞,45,25
诀,46,25
渗,47,25
琐,48,25
芽,49,25
黯,50,25
圭,51,25
宥,52,25
椭,53,25
扳,54,25
炊,55,25
攒,56,25
烙,57,25
冗,58,25
跻,59,25
钳,60,25
茉,61,25
咀,62,25
瑕,63,25
子,0,26
前,1,26
东,2,26
斯,3,26
城,4,26
字,5,26
快,6,26
除,7,26
君,8,26
卫,9,26
怕,10,26
药,11,26
谢,12,26
担,13,26
端,14,26
召,15,26
避,16,26
油,17,26
抱,18,26
尉,19,26
促,20,26
壁,21,26
汇,22,26
潮,23,26
偿,24,26
峰,25,26
艇,26,26
苍,27,26
辖,28,26
斜,29,26
抛,30,26
舅,31,26
抖,32,26
疆,33,26
饱,34,26
婴,35,26
挽,36,26
斑,37,26
仑,38,26
怯,39,26
丸,40,26
诬,41,26
旷,42,26
沧,43,26
稚,44,26
韶,45,26
湛,46,26
溺,47,26
伶,48,26
俚,49,26
纶,50,26
窘,51,26
揪,52,26
瑛,53,26
笆,54,26
裨,55,26
拈,56,26
崭,57,26
纥,58,26
叽,59,26
谝,60,26
荼,61,26
臼,62,26
瓒,63,26
时,0,27
面,1,27
由,2,27
义,3,27
活,4,27
故,5,27
集,6,27
青,7,27
包,8,27
岁,9,27
男,10,27
射,11,27
环,12,27
妈,13,27
徒,14,27
怒,15,27
借,16,27
跳,17,27
窗,18,27
宇,19,27
嘉,20,27
羊,21,27
暂,22,27
呆,23,27
抢,24,27
饰,25,27
谕,26,27
菲,27,27
坡,28,27
墓,29,27
碧,30,27
斥,31,27
姨,32,27
鹰,33,27
艳,34,27
铃,35,27
谭,36,27
拐,37,27
祐,38,27
吼,39,27
炭,40,27
砖,41,27
兜,42,27
醇,43,27
塌,44,27
渭,45,27
衅,46,27
胧,47,27
慷,48,27
鞘,49,27
辇,50,27
笙,51,27
瘫,52,27
夔,53,27
驸,54,27
舷,55,27
殡,56,27
谙,57,27
蓦,58,27
憔,59,27
汛,60,27
兖,61,27
啃,62,27
腑,63,27
道,0,28
又,1,28
何,2,28
各,3,28
保,4,28
品,5,28
布,6,28
初,7,28
技,8,28
律,9,28
效,10,28
监,11,28
莫,12,28
坚,13,28
坏,14,28
枪,15,28
辞,16,28
弃,17,28
抓,18,28
麻,19,28
烦,20,28
芳,21,28
吕,22,28
朔,23,28
怜,24,28
佩,25,28
柔,26,28
液,27,28
狼,28,28
届,29,28
妾,30,28
嫂,31,28
披,32,28
泊,33,28
骄,34,28
嘱,35,28
亨,36,28
浚,37,28
瞒,38,28
撑,39,28
屁,40,28
恤,41,28
咕,42,28
螺,43,28
汲,44,28
瑜,45,28
叨,46,28
豢,47,28
檐,48,28
矜,49,28
胄,50,28
揣,51,28
孚,52,28
绽,53,28
掣,54,28
磐,55,28
笾,56,28
茄,57,28
嗨,58,28
挝,59,28
寰,60,28
鬻,61,28
斫,62,28
竦,63,28
出,0,29
定,1,29
向,2,29
州,3,29
结,4,29
议,5,29
尽,6,29
息,7,29
线,8,29
标,9,29
般,10,29
织,11,29
脑,12,29
阶,13,29
杂,14,29
跑,15,29
牙,16,29
睛,17,29
废,18,29
稳,19,29
燕,20,29
售,21,29
奖,22,29
刊,23,29
摄,24,29
绕,25,29
迪,26,29
桂,27,29
牲,28,29
瓶,29,29
熊,30,29
呵,31,29
漠,32,29
聘,33,29
灌,34,29
糟,35,29
堤,36,29
矮,37,29
谐,38,29
酌,39,29
凰,40,29
掷,41,29
帆,42,29
垄,43,29
哗,44,29
砂,45,29
茎,46,29
镑,47,29
靴,48,29
掖,49,29
沐,50,29
斐,51,29
曳,52,29
摺,53,29
寐,54,29
勺,55,29
杠,56,29
钏,57,29
蔼,58,29
篆,59,29
橐,60,29
珂,61,29
跤,62,29
亘,63,29
而,0,30
见,1,30
至,2,30
化,3,30
题,4,30
象,5,30
周,6,30
守,7,30
弟,8,30
罪,9,30
段,10,30
陆,11,30
草,12,30
忠,13,30
渐,14,30
虑,15,30
额,16,30
辛,17,30
冰,18,30
惟,19,30
祭,20,30
倾,21,30
幽,22,30
禄,23,30
牧,24,30
溃,25,30
弥,26,30
愚,27,30
循,28,30
燃,29,30
崩,30,30
戚,31,30
旱,32,30
芝,33,30
娃,34,30
棋,35,30
坟,36,30
姬,37,30
敛,38,30
矗,39,30
靡,40,30
摔,41,30
株,42,30
骆,43,30
沮,44,30
缕,45,30
沦,46,30
尬,47,30
杉,48,30
煜,49,30
笠,50,30
伲,51,30
咚,52,30
槛,53,30
渤,54,30
碱,55,30
胫,56,30
吝,57,30
穹,58,30
袒,59,30
眸,60,30
畸,61,30
麝,62,30
赜,63,30
要,0,31
只,1,31
物,2,31
口,3,31
却,4,31
花,5,31
宗,6,31
党,7,31
客,8,31
吧,9,31
福,10,31
句,11,31
忽,12,31
背,13,31
藏,14,31
靠,15,31
岸,16,31
彼,17,31
振,18,31
粮,19,31
墙,20,31
咱,21,31
垂,22,31
桑,23,31
丙,24,31
慌,25,31
扑,26,31
矛,27,31
肥,28,31
狠,29,31
疼,30,31
谥,31,31
仕,32,31
磁,33,31
寝,34,31
彪,35,31
喂,36,31
滥,37,31
颖,38,31
泼,39,31
藉,40,31
鸾,41,31
屑,42,31
煮,43,31
赂,44,31
泌,45,31
牡,46,31
粤,47,31
惕,48,31
呕,49,31
崎,50,31
咯,51,31
赡,52,31
锥,53,31
弛,54,31
滕,55,31
筠,56,31
纨,57,31
蛾,58,31
剃,59,31
猖,60,31
鹉,61,31
祔,62,31
阕,63,31
于,0,32
主,1,32
战,2,32
任,3,32
指,4,32
七,5,32
病,6,32
半,7,32
委,8,32
群,9,32
银,10,32
孙,11,32
侍,12,32
姓,13,32
压,14,32
味,15,32
赐,16,32
厚,17,32
童,18,32
森,19,32
径,20,32
冒,21,32
耐,22,32
尸,23,32
绪,24,32
糊,25,32
撞,26,32
励,27,32
逢,28,32
咬,29,32
敲,30,32
吩,31,32
滋,32,32
诞,33,32
坠,34,32
尿,35,32
妆,36,32
筒,37,32
倡,38,32
葡,39,32
瞎,40,32
棠,41,32
躁,42,32
拙,43,32
坝,44,32
闰,45,32
阮,46,32
棘,47,32
辍,48,32
琢,49,32
粪,50,32
婶,51,32
盔,52,32
浏,53,32
爰,54,32
嫖,55,32
踌,56,32
涓,57,32
铲,58,32
诅,59,32
劭,60,32
乒,61,32
俐,62,32
媛,63,32
就,0,33
没,1,33
业,2,33
真,3,33
感,4,33
完,5,33
华,6,33
县,7,33
终,8,33
春,9,33
晚,10,33
兄,11,33
静,12,33
索,13,33
贼,14,33
献,15,33
予,16,33
练,17,33
丰,18,33
绍,19,33
购,20,33
瓦,21,33
津,22,33
汤,23,33
逼,24,33
匹,25,33
寸,26,33
夹,27,33
诱,28,33
屏,29,33
渔,30,33
斋,31,33
乳,32,33
焚,33,33
剥,34,33
杭,35,33
枯,36,33
蓬,37,33
鹅,38,33
枉,39,33
虔,40,33
喃,41,33
谟,42,33
桐,43,33
捆,44,33
灶,45,33
纾,46,33
巍,47,33
睢,48,33
俨,49,33
霖,50,33
嫡,51,33
泗,52,33
鬟,53,33
沽,54,33
簪,55,33
钝,56,33
逍,57,33
澈,58,33
涎,59,33
嚎,60,33
皖,61,33
骧,62,33
毂,63,33
下,0,34
公,1,34
被,2,34
才,3,34
难,4,34
林,5,34
称,6,34
轻,7,34
选,8,34
响,9,34
宣,10,34
罢,11,34
散,12,34
穿,13,34
温,14,34
曲,15,34
舍,16,34
暴,17,34
玩,18,34
陷,19,34
拍,20,34
麦,21,34
宪,22,34
鸣,23,34
傅,24,34
伪,25,34
胁,26,34
歇,27,34
押,28,34
爹,29,34
纠,30,34
宠,31,34
舌,32,34
侄,33,34
睁,34,34
硃,35,34
眨,36,34
硕,37,34
撸,38,34
沾,39,34
魄,40,34
涕,41,34
赎,42,34
芙,43,34
挠,44,34
霄,45,34
祚,46,34
惮,47,34
琦,48,34
缔,49,34
芸,50,34
绎,51,34
瑾,52,34
氖,53,34
甄,54,34
霎,55,34
铝,56,34
绯,57,34
柩,58,34
璞,59,34
戾,60,34
啄,61,34
邈,62,34
魇,63,34
得,0,35
从,1,35
政,2,35
几,3,35
量,4,35
基,5,35
罗,6,35
质,7,35
龙,8,35
仍,9,35
户,10,35
劳,11,35
判,12,35
吴,13,35
卿,14,35
笔,15,35
洞,16,35
训,17,35
宽,18,35
杰,19,35
尺,20,35
宾,21,35
眉,22,35
幼,23,35
乏,24,35
腹,25,35
荆,26,35
拾,27,35
坛,28,35
陕,29,35
庞,30,35
羞,31,35
绣,32,35
菌,33,35
腔,34,35
茨,35,35
盯,36,35
瞬,37,35
峻,38,35
窜,39,35
拂,40,35
譬,41,35
惭,42,35
衬,43,35
咎,44,35
徵,45,35
泳,46,35
倭,47,35
炕,48,35
呐,49,35
碟,50,35
梓,51,35
熏,52,35
凇,53,35
猷,54,35
嗳,55,35
銮,56,35
湮,57,35
茜,58,35
觽,59,35
蹑,60,35
呛,61,35
燮,62,35
芮,63,35
可,0,36
知,1,36
内,2,36
教,3,36
务,4,36
服,5,36
爱,6,36
语,7,36
势,8,36
某,9,36
游,10,36
获,11,36
养,12,36
凡,13,36
帮,14,36
雪,15,36
扬,16,36
丝,17,36
萨,18,36
偏,19,36
伸,20,36
魔,21,36
戒,22,36
悄,23,36
堆,24,36
挺,25,36
蛋,26,36
翠,27,36
玻,28,36
昆,29,36
恕,30,36
吊,31,36
滴,32,36
缠,33,36
廊,34,36
厨,35,36
颈,36,36
锅,37,36
链,38,36
哄,39,36
萄,40,36
滨,41,36
僵,42,36
沼,43,36
磕,44,36
逗,45,36
恪,46,36
廖,47,36
侈,48,36
惫,49,36
兢,50,36
鞅,51,36
侥,52,36
锣,53,36
恁,54,36
谄,55,36
狻,56,36
薰,57,36
钺,58,36
撮,59,36
酪,60,36
渝,61,36
荚,62,36
浔,63,36
你,0,37
使,1,37
五,2,37
官,3,37
治,4,37
带,5,37
导,6,37
越,7,37
考,8,37
细,9,37
香,10,37
旧,11,37
积,12,37
吉,13,37
松,14,37
份,15,37
湾,16,37
纸,17,37
夺,18,37
孤,19,37
鸟,20,37
赤,21,37
啦,22,37
撤,23,37
庚,24,37
幻,25,37
巳,26,37
堪,27,37
侦,28,37
咐,29,37
暖,30,37
嘛,31,37
扁,32,37
拦,33,37
涛,34,37
叩,35,37
婢,36,37
叠,37,37
戍,38,37
竖,39,37
笃,40,37
溶,41,37
涯,42,37
馨,43,37
遏,44,37
沸,45,37
悖,46,37
蛟,47,37
飨,48,37
幌,49,37
椒,50,37
涩,51,37
聋,52,37
幡,53,37
榷,54,37
堰,55,37
牍,56,37
毗,57,37
踵,58,37
硝,59,37
苞,60,37
繇,61,37
痊,62,37
昵,63,37
年,0,38
部,1,38
儿,2,38
少,3,38
取,4,38
据,5,38
确,6,38
况,7,38
右,8,38
承,9,38
采,10,38
网,11,38
遣,12,38
激,13,38
换,14,38
仪,15,38
馆,16,38
珠,17,38
杜,18,38
违,19,38
仲,20,38
摩,21,38
签,22,38
斩,23,38
辅,24,38
辑,25,38
频,26,38
踪,27,38
忌,28,38
驰,29,38
澳,30,38
肠,31,38
浦,32,38
朴,33,38
鹤,34,38
愧,35,38
盼,36,38
帖,37,38
歉,38,38
阐,39,38
瘤,40,38
巩,41,38
荩,42,38
甸,43,38
赃,44,38
咧,45,38
摹,46,38
檀,47,38
煎,48,38
肴,49,38
迳,50,38
翊,51,38
渲,52,38
蚊,53,38
谛,54,38
诠,55,38
妫,56,38
傥,57,38
胺,58,38
萦,59,38
糙,60,38
肋,61,38
渣,62,38
翱,63,38
生,0,39
本,1,39
及,2,39
司,3,39
场,4,39
界,5,39
呢,6,39
举,7,39
属,8,39
拿,9,39
修,10,39
预,11,39
怪,12,39
审,13,39
侯,14,39
困,15,39
舰,16,39
尤,17,39
焉,18,39
悉,19,39
挂,20,39
硬,21,39
邦,22,39
炎,23,39
瞧,24,39
撒,25,39
唬,26,39
割,27,39
恼,28,39
寂,29,39
恒,30,39
肝,31,39
俺,32,39
厥,33,39
罩,34,39
饲,35,39
棒,36,39
壶,37,39
奠,38,39
琳,39,39
佑,40,39
蚀,41,39
轴,42,39
畔,43,39
嗽,44,39
裔,45,39
岐,46,39
孜,47,39
泾,48,39
骏,49,39
鹃,50,39
褂,51,39
篱,52,39
孺,53,39
刁,54,39
腮,55,39
肪,56,39
瀛,57,39
谖,58,39
恙,59,39
诽,60,39
眺,61,39
迤,62,39
捅,63,39
自,0,40
动,1,40
入,2,40
德,3,40
思,4,40
云,5,40
办,6,40
皇,7,40
酒,8,40
施,9,40
娘,10,40
忙,11,40
耳,12,40
剑,13,40
抗,14,40
庆,15,40
鼓,16,40
丈,17,40
潜,18,40
毁,19,40
币,20,40
署,21,40
宰,22,40
鼻,23,40
尖,24,40
贴,25,40
矿,26,40
疲,27,40
钦,28,40
辨,29,40
逻,30,40
轿,31,40
瘦,32,40
纽,33,40
盆,34,40
贬,35,40
惶,36,40
纱,37,40
骚,38,40
贰,39,40
怠,40,40
晰,41,40
挫,42,40
樊,43,40
梨,44,40
眩,45,40
鸳,46,40
嵌,47,40
樵,48,40
渎,49,40
棱,50,40
袜,51,40
毡,52,40
犀,53,40
埔,54,40
蟠,55,40
涣,56,40
滤,57,40
弑,58,40
阖,59,40
屉,60,40
蓿,61,40
鹞,62,40
黍,63,40
会,0,41
现,1,41
先,2,41
解,3,41
电,4,41
觉,5,41
节,6,41
钱,7,41
农,8,41
急,9,41
木,10,41
贵,11,41
镇,12,41
层,13,41
午,14,41
旁,15,41
盛,16,41
束,17,41
趣,18,41
援,19,41
洗,20,41
寺,21,41
颇,22,41
箭,23,41
董,24,41
泥,25,41
契,26,41
宙,27,41
霞,28,41
丛,29,41
弓,30,41
雕,31,41
扯,32,41
柯,33,41
囚,34,41
肖,35,41
嚷,36,41
薨,37,41
厢,38,41
婿,39,41
鸦,40,41
堕,41,41
邢,42,41
侮,43,41
彬,44,41
僻,45,41
迭,46,41
臧,47,41
瞄,48,41
笺,49,41
鬓,50,41
釉,51,41
卤,52,41
擎,53,41
苔,54,41
橡,55,41
溉,56,41
熔,57,41
跷,58,41
栾,59,41
捂,60,41
蹬,61,41
砲,62,41
搔,63,41
那,0,42
因,1,42
己,2,42
神,3,42
空,4,42
像,5,42
根,6,42
历,7,42
片,8,42
职,9,42
态,10,42
错,11,42
登,12,42
洲,13,42
郡,14,42
互,15,42
巨,16,42
唯,17,42
抵,18,42
纯,19,42
贫,20,42
牌,21,42
讯,22,42
慈,23,42
惑,24,42
媒,25,42
腾,26,42
掠,27,42
浑,28,42
疯,29,42
挤,30,42
湿,31,42
竭,32,42
炉,33,42
祠,34,42
衷,35,42
愉,36,42
垒,37,42
宦,38,42
皋,39,42
睹,40,42
舶,41,42
筵,42,42
蹲,43,42
芯,44,42
簇,45,42
歹,46,42
毓,47,42
酿,48,42
锭,49,42
揉,50,42
迂,51,42
汰,52,42
蹋,53,42
踉,54,42
彗,55,42
枷,56,42
讷,57,42
忤,58,42
髻,59,42
羹,60,42
锄,61,42
锢,62,42
鑫,63,42
后,0,43
开,1,43
安,2,43
则,3,43
边,4,43
院,5,43
击,6,43
留,7,43
希,8,43
另,9,43
够,10,43
树,11,43
遇,12,43
脚,13,43
洋,14,43
灭,15,43
板,16,43
嘴,17,43
隆,18,43
巧,19,43
启,20,43
恰,21,43
伴,22,43
荡,23,43
扰,24,43
壬,25,43
插,26,43
滚,27,43
畏,28,43
稿,29,43
添,30,43
琼,31,43
惩,32,43
溜,33,43
衍,34,43
颤,35,43
肺,36,43
魁,37,43
栽,38,43
刹,39,43
贩,40,43
庇,41,43
奎,42,43
蚕,43,43
侣,44,43
褒,45,43
奕,46,43
澜,47,43
蝇,48,43
缪,49,43
拚,50,43
悯,51,43
衮,52,43
慑,53,43
趴,54,43
搀,55,43
糜,56,43
笞,57,43
蜘,58,43
倌,59,43
擂,60,43
轧,61,43
琮,62,43
俦,63,43
能,0,44
些,1,44
或,2,44
必,3,44
统,4,44
飞,5,44
商,6,44
乐,7,44
破,8,44
敢,9,44
划,10,44
追,11,44
恐,12,44
乡,13,44
席,14,44
梁,15,44
材,16,44
港,17,44
符,18,44
横,19,44
距,20,44
魂,21,44
壮,22,44
泛,23,44
趋,24,44
慧,25,44
碍,26,44
腊,27,44
翁,28,44
辟,29,44
炼,30,44
娇,31,44
枚,32,44
抄,33,44
扔,34,44
俯,35,44
棉,36,44
摧,37,44
巷,38,44
淌,39,44
怔,40,44
瓷,41,44
耿,42,44
辣,43,44
谑,44,44
萌,45,44
冕,46,44
钮,47,44
醋,48,44
诲,49,44
嚣,50,44
扛,51,44
柬,52,44
咋,53,44
焘,54,44
馔,55,44
麓,56,44
鞫,57,44
枫,58,44
邺,59,44
埠,60,44
蠡,61,44
诖,62,44
诃,63,44
对,0,45
理,1,45
利,2,45
兵,3,45
件,4,45
远,5,45
陈,6,45
章,7,45
谓,8,45
跟,9,45
续,10,45
临,11,45
唐,12,45
沙,13,45
艺,14,45
园,15,45
鲜,16,45
吸,17,45
乌,18,45
迷,19,45
劝,20,45
偷,21,45
灰,22,45
郭,23,45
韦,24,45
仔,25,45
储,26,45
埋,27,45
殷,28,45
岭,29,45
晃,30,45
昂,31,45
丫,32,45
趁,33,45
隋,34,45
骤,35,45
禧,36,45
虹,37,45
溢,38,45
账,39,45
雌,40,45
啼,41,45
佣,42,45
搅,43,45
苹,44,45
璧,45,45
垫,46,45
揽,47,45
喽,48,45
聂,49,45
徘,50,45
侃,51,45
遐,52,45
熄,53,45
踱,54,45
紊,55,45
胰,56,45
孛,57,45
娴,58,45
嗖,59,45
歆,60,45
籴,61,45
踞,62,45
饯,63,45
着,0,46
长,1,46
很,2,46
气,3,46
期,4,46
收,5,46
火,6,46
照,7,46
喜,8,46
讲,9,46
境,10,46
伯,11,46
堂,12,46
托,13,46
禁,14,46
评,15,46
输,16,46
孔,17,46
役,18,46
爸,19,46
辰,20,46
紫,21,46
帐,22,46
缩,23,46
黎,24,46
葬,25,46
锋,26,46
酉,27,46
卧,28,46
剂,29,46
搬,30,46
弦,31,46
僚,32,46
耻,33,46
璃,34,46
逮,35,46
隙,36,46
枕,37,46
懿,38,46
粘,39,46
斧,40,46
虐,41,46
凿,42,46
觅,43,46
捞,44,46
膨,45,46
狸,46,46
汀,47,46
癫,48,46
绷,49,46
袄,50,46
罔,51,46
羲,52,46
楷,53,46
椤,54,46
迸,55,46
蟾,56,46
溥,57,46
卞,58,46
锺,59,46
曷,60,46
粱,61,46
沌,62,46
辎,63,46
事,0,47
明,1,47
最,2,47
打,3,47
克,4,47
石,5,47
兴,6,47
器,7,47
费,8,47
防,9,47
米,10,47
育,11,47
诏,12,47
奉,13,47
赶,14,47
短,15,47
遍,16,47
弱,17,47
俱,18,47
旨,19,47
盗,20,47
淮,21,47
昨,22,47
扶,23,47
哉,24,47
胞,25,47
龄,26,47
佐,27,47
询,28,47
辱,29,47
倘,30,47
顷,31,47
涨,32,47
渴,33,47
帘,34,47
逾,35,47
霜,36,47
茅,37,47
谱,38,47
淹,39,47
窥,40,47
桩,41,47
碌,42,47
椎,43,47
叭,44,47
莹,45,47
偃,46,47
倏,47,47
俞,48,47
毯,49,47
挚,50,47
饬,51,47
寥,52,47
烫,53,47
辙,54,47
噜,55,47
枭,56,47
湟,57,47
蠓,58,47
骋,59,47
犊,60,47
谠,61,47
磋,62,47
槭,63,47
其,0,48
样,1,48
书,2,48
员,3,48
帝,4,48
众,5,48
京,6,48
写,7,48
谈,8,48
独,9,48
假,10,48
普,11,48
著,12,48
沉,13,48
牛,14,48
川,15,48
肉,16,48
折,17,48
伙,18,48
闲,19,48
努,20,48
弗,21,48
厉,22,48
艾,23,48
佳,24,48
乞,25,48
盾,26,48
欺,27,48
丢,28,48
邀,29,48
盈,30,48
沃,31,48
晶,32,48
衔,33,48
烛,34,48
暮,35,48
坑,36,48
俭,37,48
裹,38,48
勘,39,48
潭,40,48
绑,41,48
绰,42,48
驼,43,48
捣,44,48
酥,45,48
襟,46,48
帷,47,48
羁,48,48
扒,49,48
耆,50,48
唷,51,48
钊,52,48
怅,53,48
雹,54,48
酢,55,48
葵,56,48
淀,57,48
辂,58,48
稠,59,48
佬,60,48
揆,61,48
疹,62,48
疽,63,48
里,0,49
意,1,49
制,2,49
再,3,49
亲,4,49
车,5,49
注,6,49
团,7,49
音,8,49
责,9,49
微,10,49
诗,11,49
幸,12,49
亡,13,49
申,14,49
编,15,49
含,16,49
灯,17,49
炸,18,49
俗,19,49
桌,20,49
菜,21,49
籍,22,49
赠,23,49
返,24,49
亭,25,49
兽,26,49
卯,27,49
键,28,49
览,29,49
湘,30,49
舆,31,49
兮,32,49
档,33,49
赌,34,49
庐,35,49
煌,36,49
蝶,37,49
陌,38,49
眷,39,49
圳,40,49
珊,41,49
娟,42,49
嫩,43,49
浊,44,49
蹄,45,49
诧,46,49
绶,47,49
梭,48,49
鸯,49,49
琉,50,49
硫,51,49
拇,52,49
丕,53,49
垢,54,49
拗,55,49
剔,56,49
聿,57,49
诮,58,49
苯,59,49
苤,60,49
霓,61,49
塾,62,49
佚,63,49
所,0,50
已,1,50
美,2,50
论,3,50
复,4,50
候,5,50
虽,6,50
诸,7,50
查,8,50
较,9,50
试,10,50
副,11,50
排,12,50
康,13,50
仙,14,50
探,15,50
择,16,50
震,17,50
塔,18,50
番,19,50
仆,20,50
莱,21,50
贯,22,50
玛,23,50
阅,24,50
尘,25,50
洁,26,50
亥,27,50
兹,28,50
帽,29,50
肚,30,50
猫,31,50
誓,32,50
罕,33,50
凑,34,50
裴,35,50
崖,36,50
麟,37,50
宛,38,50
狮,39,50
厦,40,50
绥,41,50
蹈,42,50
弧,43,50
糕,44,50
沫,45,50
翘,46,50
坪,47,50
潞,48,50
撼,49,50
隅,50,50
蠕,51,50
镶,52,50
拴,53,50
稹,54,50
簟,55,50
贲,56,50
赘,57,50
抟,58,50
饕,59,50
湃,60,50
瑁,61,50
婷,62,50
糁,63,50
去,0,51
月,1,51
山,2,51
别,3,51
住,4,51
类,5,51
杀,6,51
闻,7,51
专,8,51
威,9,51
伤,10,51
充,11,51
简,12,51
宜,13,51
误,14,51
歌,15,51
秀,16,51
替,17,51
罚,18,51
季,19,51
染,20,51
涉,21,51
贺,22,51
昏,23,51
屈,24,51
码,25,51
桃,26,51
捉,27,51
躲,28,51
尹,29,51
猪,30,51
笼,31,51
酬,32,51
拼,33,51
冈,34,51
媚,35,51
浴,36,51
剪,37,51
裳,38,51
莎,39,51
毙,40,51
嘲,41,51
陡,42,51
褚,43,51
迄,44,51
荽,45,51
肇,46,51
骁,47,51
逞,48,51
炀,49,51
沪,50,51
厕,51,51
匾,52,51
磷,53,51
蚂,54,51
驮,55,51
铨,56,51
橱,57,51
殃,58,51
雉,59,51
阉,60,51
唔,61,51
貂,62,51
痢,63,51
行,0,52
正,1,52
体,2,52
听,3,52
请,4,52
程,5,52
父,6,52
亦,7,52
止,8,52
苏,9,52
刚,10,52
永,11,52
宁,12,52
超,13,52
钟,14,52
乘,15,52
毒,16,52
诺,17,52
茶,18,52
贝,19,52
厅,20,52
驻,21,52
惯,22,52
映,23,52
吐,24,52
欣,25,52
朕,26,52
妃,27,52
跪,28,52
腐,29,52
卑,30,52
晕,31,52
唇,32,52
鞭,33,52
菩,34,52
捧,35,52
裤,36,52
凄,37,52
缚,38,52
祷,39,52
玫,40,52
瑰,41,52
腺,42,52
矫,43,52
岑,44,52
亟,45,52
逵,46,52
绮,47,52
酋,48,52
蔚,49,52
谩,50,52
祯,51,52
膺,52,52
圃,53,52
芍,54,52
笥,55,52
谧,56,52
匕,57,52
筷,58,52
豕,59,52
缨,60,52
笫,61,52
棣,62,52
暄,63,52
过,0,53
想,1,53
什,2,53
提,3,53
市,4,53
转,5,53
存,6,53
足,7,53
吗,8,53
双,9,53
状,10,53
财,11,53
升,12,53
谋,13,53
块,14,53
蒙,15,53
篇,16,53
翻,17,53
坦,18,53
聚,19,53
针,20,53
狱,21,53
挑,22,53
腰,23,53
薛,24,53
邻,25,53
袁,26,53
谨,27,53
饥,28,53
寡,29,53
苗,30,53
潘,31,53
晴,32,53
娶,33,53
龟,34,53
畅,35,53
惹,36,53
颂,37,53
煞,38,53
歪,39,53
驿,40,53
梳,41,53
邱,42,53
趟,43,53
辐,44,53
憎,45,53
拯,46,53
缀,47,53
玺,48,53
梧,49,53
朦,50,53
氯,51,53
昊,52,53
涧,53,53
嫣,54,53
磺,55,53
骡,56,53
钜,57,53
衾,58,53
诤,59,53
笋,60,53
铢,61,53
詈,62,53
癖,63,53
家,0,54
实,1,54
新,2,54
万,3,54
六,4,54
共,5,54
臣,6,54
余,7,54
找,8,54
善,9,54
兰,10,54
适,11,54
检,12,54
演,13,54
饭,14,54
鬼,15,54
兼,16,54
塞,17,54
彩,18,54
亿,19,54
疏,20,54
孟,21,54
鸡,22,54
晨,23,54
圈,24,54
恋,25,54
餐,26,54
蛇,27,54
郊,28,54
悬,29,54
泄,30,54
姻,31,54
疫,32,54
蒲,33,54
媳,34,54
黛,35,54
吻,36,54
豹,37,54
胀,38,54
唉,39,54
刃,40,54
匿,41,54
奚,42,54
谣,43,54
鞍,44,54
荧,45,54
噪,46,54
缎,47,54
葱,48,54
戟,49,54
戳,50,54
琪,51,54
吱,52,54
肘,53,54
蝴,54,54
抡,55,54
掳,56,54
抒,57,54
陟,58,54
吮,59,54
筝,60,54
韭,61,54
哆,62,54
荔,63,54
十,0,55
把,1,55
话,2,55
死,3,55
放,4,55
千,5,55
准,6,55
整,7,55
食,8,55
校,9,55
诉,10,55
圣,11,55
铁,12,55
协,13,55
迎,14,55
欧,15,55
婚,16,55
梅,17,55
曹,18,55
套,19,55
贸,20,55
昭,21,55
奈,22,55
豪,23,55
扫,24,55
辆,25,55
惨,26,55
狄,27,55
揭,28,55
敕,29,55
柴,30,55
诣,31,55
肿,32,55
倚,33,55
眠,34,55
喘,35,55
氛,36,55
俟,37,55
骇,38,55
谬,39,55
饼,40,55
讳,41,55
啡,42,55
敞,43,55
嘿,44,55
颊,45,55
漕,46,55
弩,47,55
猓,48,55
琅,49,55
茵,50,55
纣,51,55
炽,52,55
堑,53,55
峙,54,55
坞,55,55
薇,56,55
衢,57,55
叁,58,55
猝,59,55
骥,60,55
眶,61,55
袂,62,55
圜,63,55
用,0,56
但,1,56
名,2,56
更,3,56
风,4,56
式,5,56
广,6,56
价,7,56
装,8,56
友,9,56
助,10,56
血,11,56
角,12,56
湖,13,56
货,14,56
洛,15,56
呀,16,56
舞,17,56
泰,18,56
灾,19,56
荒,20,56
吹,21,56
伐,22,56
貌,23,56
驱,24,56
焦,25,56
绩,26,56
贪,27,56
邮,28,56
誉,29,56
瑟,30,56
勾,31,56
胖,32,56
秒,33,56
俘,34,56
矩,35,56
臭,36,56
逝,37,56
璇,38,56
躯,39,56
卸,40,56
涵,41,56
捏,42,56
霉,43,56
灼,44,56
霆,45,56
龋,46,56
蹦,47,56
凹,48,56
悍,49,56
腻,50,56
宸,51,56
奄,52,56
矶,53,56
殉,54,56
颅,55,56
嬷,56,56
萃,57,56
侬,58,56
樽,59,56
瀑,60,56
啬,61,56
岫,62,56
祺,63,56
发,0,57
相,1,57
曰,2,57
比,3,57
资,4,57
失,5,57
首,6,57
号,7,57
绝,8,57
围,9,57
征,10,57
弹,11,57
顾,12,57
姑,13,57
补,14,57
烟,15,57
妹,16,57
丹,17,57
叹,18,57
泪,19,57
裁,20,57
镜,21,57
偶,22,57
赫,23,57
墨,24,57
嗣,25,57
儒,26,57
厌,27,57
履,28,57
嫁,29,57
瓜,30,57
碗,31,57
擒,32,57
匠,33,57
钩,34,57
坊,35,57
吵,36,57
讶,37,57
脊,38,57
憾,39,57
搁,40,57
篮,41,57
涅,42,57
蓉,43,57
璋,44,57
陨,45,57
辕,46,57
髦,47,57
扼,48,57
闾,49,57
疮,50,57
墟,51,57
罹,52,57
迩,53,57
俎,54,57
禺,55,57
乓,56,57
鹦,57,57
刍,58,57
吆,59,57
鹄,60,57
闱,61,57
恻,62,57
喳,63,57
天,0,58
两,1,58
合,2,58
受,3,58
求,4,58
流,5,58
乎,6,58
级,7,58
答,8,58
仅,9,58
胜,10,58
拜,11,58
村,12,58
赵,13,58
博,14,58
尊,15,58
伦,16,58
赞,17,58
础,18,58
忧,19,58
迅,20,58
狗,21,58
惜,22,58
描,23,58
碎,24,58
乔,25,58
馀,26,58
蒂,27,58
枢,28,58
稀,29,58
茂,30,58
姿,31,58
拘,32,58
夸,33,58
绵,34,58
棍,35,58
恳,36,58
庵,37,58
藤,38,58
栖,39,58
冥,40,58
喀,41,58
瞻,42,58
澹,43,58
敖,44,58
踩,45,58
颉,46,58
翟,47,58
涡,48,58
甥,49,58
垦,50,58
韬,51,58
伎,52,58
瞿,53,58
崛,54,58
悴,55,58
氓,56,58
郏,57,58
搓,58,58
沓,59,58
焙,60,58
汶,61,58
滇,62,58
庑,63,58
如,0,59
民,1,59
加,2,59
百,3,59
史,4,59
每,5,59
具,6,59
参,7,59
敌,8,59
纪,9,59
竟,10,59
雷,11,59
读,12,59
付,13,59
智,14,59
休,15,59
访,16,59
遭,17,59
途,18,59
狂,19,59
阁,20,59
融,21,59
胆,22,59
岩,23,59
吓,24,59
呈,25,59
谏,26,59
耍,27,59
彦,28,59
削,29,59
谦,30,59
绳,31,59
粹,32,59
咽,33,59
袍,34,59
抹,35,59
捐,36,59
掘,37,59
萍,38,59
挪,39,59
绅,40,59
妒,41,59
倩,42,59
喧,43,59
俏,44,59
牟,45,59
俾,46,59
俸,47,59
絮,48,59
鹊,49,59
檄,50,59
蕊,51,59
墅,52,59
淄,53,59
拭,54,59
臀,55,59
忻,56,59
茸,57,59
箕,58,59
藕,59,59
媪,60,59
葜,61,59
燎,62,59
呷,63,59
然,0,60
她,1,60
世,2,60
做,3,60
色,4,60
该,5,60
甚,6,60
示,7,60
害,8,60
族,9,60
项,10,60
妇,11,60
挥,12,60
班,13,60
仁,14,60
朋,15,60
骨,16,60
廷,17,60
奶,18,60
喊,19,60
惠,20,60
拒,21,60
陛,22,60
袋,23,60
估,24,60
霍,25,60
磨,26,60
帕,27,60
霸,28,60
闷,29,60
迈,30,60
狐,31,60
戎,32,60
岗,33,60
苟,34,60
胃,35,60
闯,36,60
禽,37,60
榜,38,60
犬,39,60
框,40,60
敷,41,60
酰,42,60
绸,43,60
遽,44,60
锻,45,60
冉,46,60
瘢,47,60
窟,48,60
阀,49,60
碳,50,60
耄,51,60
蓟,52,60
槽,53,60
蛙,54,60
嫦,55,60
钙,56,60
渚,57,60
郧,58,60
淤,59,60
儆,60,60
缰,61,60
堋,62,60
蹇,63,60
作,0,61
力,1,61
平,2,61
尔,3,61
形,4,61
朝,5,61
黄,6,61
支,7,61
密,8,61
谁,9,61
继,10,61
哪,11,61
矣,12,61
招,13,61
款,14,61
典,15,61
陵,16,61
熟,17,61
寒,18,61
戴,19,61
迟,20,61
渡,21,61
淡,22,61
胸,23,61
劲,24,61
拟,25,61
搜,26,61
截,27,61
悔,28,61
熙,29,61
烂,30,61
肌,31,61
煤,32,61
逸,33,61
旬,34,61
杆,35,61
翅,36,61
昧,37,61
兔,38,61
刮,39,61
倪,40,61
耽,41,61
诡,42,61
榻,43,61
恚,44,61
烁,45,61
嗓,46,61
瞥,47,61
澡,48,61
缆,49,61
蝉,50,61
捍,51,61
庾,52,61
袅,53,61
谘,54,61
辔,55,61
窖,56,61
佯,57,61
琵,58,61
橹,59,61
诔,60,61
镏,61,61
掇,62,61
獠,63,61
方,0,62
文,1,62
水,2,62
即,3,62
望,4,62
始,5,62
满,6,62
红,7,62
研,8,62
惊,9,62
爷,10,62
源,11,62
冷,12,62
夏,13,62
毕,14,62
架,15,62
弄,16,62
雅,17,62
残,18,62
纷,19,62
沿,20,62
骸,21,62
旋,22,62
池,23,62
冯,24,62
箱,25,62
拖,26,62
蔡,27,62
蜀,28,62
粒,29,62
弯,30,62
渊,31,62
蔽,32,62
伞,33,62
癌,34,62
膀,35,62
懒,36,62
阎,37,62
裙,38,62
裸,39,62
秃,40,62
哑,41,62
窍,42,62
咏,43,62
邸,44,62
斟,45,62
嚼,46,62
籓,47,62
欤,48,62
荀,49,62
娄,50,62
萎,51,62
渥,52,62
缗,53,62
胪,54,62
捶,55,62
谔,56,62
嗦,57,62
熹,58,62
觐,59,62
溆,60,62
桢,61,62
渌,62,62
翦,63,62
成,0,63
等,1,63
常,2,63
元,3,63
传,4,63
连,5,63
容,6,63
阿,7,63
刘,8,63
底,9,63
疑,10,63
遂,11,63
模,12,63
掌,13,63
延,14,63
犹,15,63
诚,16,63
疗,17,63
寿,18,63
透,19,63
享,20,63
惧,21,63
沈,22,63
勤,23,63
锦,24,63
跃,25,63
勃,26,63
柏,27,63
窃,28,63
於,29,63
踏,30,63
雍,31,63
弊,32,63
傲,33,63
耸,34,63
皱,35,63
胶,36,63
猴,37,63
嗯,38,63
邵,39,63
陇,40,63
桶,41,63
奢,42,63
纺,43,63
鳎,44,63
汁,45,63
炒,46,63
痪,47,63
秽,48,63
闽,49,63
阜,50,63
涤,51,63
肮,52,63
岱,53,63
溅,54,63
逋,55,63
婪,56,63
筛,57,63
蠼,58,63
匝,59,63
豚,60,63
邠,61,63
厩,62,63
菏,63,63
